<?xml version="1.0" encoding="UTF-8" ?>
<scene>

<!-- curly maple material -->
	<texture>
		<name>diffuseMaple</name>
		<data>
			<file>data/textures/wood/cmaple/cmaple-param-image-diffuse.png</file>
		</data>
	</texture>

	<texture>
		<name>specularMaple</name>
		<data>
			<file>data/textures/wood/cmaple/cmaple-param-image-beta.png</file>
		</data>
	</texture>

	<texture>
		<name>fibercolorMaple</name>
		<data>
			<file>data/textures/wood/cmaple/cmaple-param-image-fiber.png</file>
		</data>
	</texture>

	<texture>
		<name>fiberdirectionMaple</name>
		<data>
			<file>data/textures/wood/cmaple/cmaple-param-image-axis.png</file>
		</data>
	</texture>

	<material>
		<name>WoodMaterialMaple</name>
		<data>
			<type>Wood</type>
			<diffuse>
				<texture>diffuseMaple</texture>
			</diffuse>
			<specular>
				<texture>specularMaple</texture>
			</specular>
			<fibercolor>
				<texture>fibercolorMaple</texture>
			</fibercolor>
			<fiberdirection>
				<texture>fiberdirectionMaple</texture>
			</fiberdirection>
			<shininess>200</shininess>
		</data>
	</material>

<!-- padauk material -->

	<texture>
		<name>diffusePadauk</name>
		<data>
			<file>data/textures/wood/padauk/padauk-param-image-diffuse.png</file>
		</data>
	</texture>

	<texture>
		<name>specularPadauk</name>
		<data>
			<file>data/textures/wood/padauk/padauk-param-image-beta.png</file>
		</data>
	</texture>

	<texture>
		<name>fibercolorPadauk</name>
		<data>
			<file>data/textures/wood/padauk/padauk-param-image-fiber.png</file>
		</data>
	</texture>

	<texture>
		<name>fiberdirectionPadauk</name>
		<data>
			<file>data/textures/wood/padauk/padauk-param-image-axis.png</file>
		</data>
	</texture>

	<material>
		<name>WoodMaterialPadauk</name>
		<data>
			<type>Wood</type>
			<diffuse>
				<texture>diffusePadauk</texture>
			</diffuse>
			<specular>
				<texture>specularPadauk</texture>
			</specular>
			<fibercolor>
				<texture>fibercolorPadauk</texture>
			</fibercolor>
			<fiberdirection>
				<texture>fiberdirectionPadauk</texture>
			</fiberdirection>
			<shininess>200</shininess>
		</data>
	</material>

<!-- walnut1 material -->

	<texture>
		<name>diffuseWalnut1</name>
		<data>
			<file>data/textures/wood/walnut1/walnut1-param-image-diffuse.png</file>
		</data>
	</texture>

	<texture>
		<name>specularWalnut1</name>
		<data>
			<file>data/textures/wood/walnut1/walnut1-param-image-beta.png</file>
		</data>
	</texture>

	<texture>
		<name>fibercolorWalnut1</name>
		<data>
			<file>data/textures/wood/walnut1/walnut1-param-image-fiber.png</file>
		</data>
	</texture>

	<texture>
		<name>fiberdirectionWalnut1</name>
		<data>
			<file>data/textures/wood/walnut1/walnut1-param-image-axis.png</file>
		</data>
	</texture>

	<material>
		<name>WoodMaterialWalnut1</name>
		<data>
			<type>Wood</type>
			<diffuse>
				<texture>diffuseWalnut1</texture>
			</diffuse>
			<specular>
				<texture>specularWalnut1</texture>
			</specular>
			<fibercolor>
				<texture>fibercolorWalnut1</texture>
			</fibercolor>
			<fiberdirection>
				<texture>fiberdirectionWalnut1</texture>
			</fiberdirection>
			<shininess>200</shininess>
		</data>
	</material>

<!-- walnut2 material -->

	<texture>
		<name>diffuseWalnut2</name>
		<data>
			<file>data/textures/wood/walnut2/walnut2-param-image-diffuse.png</file>
		</data>
	</texture>

	<texture>
		<name>specularWalnut2</name>
		<data>
			<file>data/textures/wood/walnut2/walnut2-param-image-beta.png</file>
		</data>
	</texture>

	<texture>
		<name>fibercolorWalnut2</name>
		<data>
			<file>data/textures/wood/walnut2/walnut2-param-image-fiber.png</file>
		</data>
	</texture>

	<texture>
		<name>fiberdirectionWalnut2</name>
		<data>
			<file>data/textures/wood/walnut2/walnut2-param-image-axis.png</file>
		</data>
	</texture>

	<material>
		<name>WoodMaterialWalnut2</name>
		<data>
			<type>Wood</type>
			<diffuse>
				<texture>diffuseWalnut2</texture>
			</diffuse>
			<specular>
				<texture>specularWalnut2</texture>
			</specular>
			<fibercolor>
				<texture>fibercolorWalnut2</texture>
			</fibercolor>
			<fiberdirection>
				<texture>fiberdirectionWalnut2</texture>
			</fiberdirection>
			<shininess>200</shininess>
		</data>
	</material>

	<material>
		<name>Ambient</name>
		<data>
			<type>Ambient</type>
			<diffuse>
				<color>255 255 255 255</color>
			</diffuse>
		</data>
	</material>
<!--	
	<object>
		<name>PlaneCenter</name>
		<data>
			<mesh>Plane</mesh>
			<scale>1.47498 1 1</scale>
			<material>WoodMaterial</material>
		</data>
	</object>

-->

	
	<object>
		<name>Earth</name>
		<data>
			<mesh>Sphere</mesh>
			<translation>0 2 0</translation>
			<scale>1.0 1.0 1.0</scale>
			<material>WoodMaterialPadauk</material>
		</data>
	</object>

	<object>
		<name>PlaneUL</name>
		<data>
			<mesh>Plane</mesh>
			<scale>1.47498 1 1</scale>
			<translation>-2 0 -2</translation>
			<material>WoodMaterialMaple</material>
		</data>
	</object>

	<object>
		<name>PlaneUR</name>
		<data>
			<mesh>Plane</mesh>
			<scale>1.47498 1 1</scale>
			<translation>2 0 -2</translation>
			<material>WoodMaterialPadauk</material>
		</data>
	</object>

	<object>
		<name>PlaneDR</name>
		<data>
			<mesh>Plane</mesh>
			<scale>1.47498 1 1</scale>
			<translation>2 0 2</translation>
			<material>WoodMaterialWalnut1</material>
		</data>
	</object>

	<object>
		<name>PlaneDL</name>
		<data>
			<mesh>Plane</mesh>
			<scale>1.47498 1 1</scale>
			<translation>-2 0 2</translation>
			<material>WoodMaterialWalnut2</material>
		</data>
	</object>
	
	<object>
		<name>Camera</name>
		<data type="SceneCamera">
			<zPlanes>0.02 1000.0</zPlanes>
			<perspective>0.01 0.01</perspective>

			<translation>0 3 14</translation>
		</data>
	</object>
	
	<object>
		<name>LightObj1</name>
		<data>
			<mesh>Sphere</mesh>
			<scale>0.1 0.1 0.1</scale>
			<translation>2 2 2</translation>

			<material>Ambient</material>
		</data>
	</object>
	<object>
		<name>Light1</name>
		<data type="SceneLight">
			<parent>LightObj1</parent>
			<intensity>1 1 1</intensity>
		</data>
	</object>
	
	<object>
		<name>AmbientLight</name>
		<data type="SceneLight">
			<intensity>0.05 0.05 0.05</intensity>
			<isAmbient>true</isAmbient>
		</data>
	</object>
</scene>
